client,status,solve_ms,total_ms,error
1,accepted,2162.075,2179.592,
28,accepted,2485.367,2503.883,
8,accepted,7336.279,7353.795,
12,accepted,7581.403,7599.418,
5,accepted,12406.729,12425.242,
17,accepted,14620.721,14637.416,
16,accepted,15395.156,15409.172,
3,accepted,15400.655,15414.672,
26,accepted,18480.842,18497.355,
30,accepted,18787.733,18803.905,
18,accepted,19343.005,19358.536,
16,accepted,6666.604,6673.104,
19,accepted,22575.057,22590.578,
25,accepted,22770.170,22787.185,
15,accepted,28707.208,28723.733,
8,accepted,22071.409,22076.908,
4,accepted,36979.849,36995.369,
6,accepted,37947.382,37965.395,
7,accepted,38377.512,38391.028,
20,accepted,39908.554,39924.075,
16,accepted,19225.932,19230.931,
7,accepted,2967.694,2973.194,
13,accepted,41413.315,41431.338,
14,accepted,44127.755,44147.271,
1,accepted,43282.298,43286.800,
28,accepted,44383.677,44389.679,
22,accepted,48390.272,48412.788,
31,accepted,51840.556,51857.071,
14,accepted,8691.592,8697.624,
26,accepted,36578.308,36584.309,
31,accepted,4374.684,4380.184,
4,accepted,19789.975,19794.970,
12,accepted,49208.419,49213.920,
9,accepted,58681.765,58698.281,
0,accepted,62045.464,62064.489,
0,accepted,5016.506,5022.007,
22,accepted,18983.003,18993.005,
3,accepted,57926.422,57933.425,
2,accepted,79152.046,79170.562,
26,accepted,35728.655,35735.153,
26,accepted,1162.401,1167.906,
20,accepted,52387.766,52393.376,
2,accepted,15824.504,15830.014,
29,accepted,95009.222,95026.235,
2,accepted,222.429,226.930,
20,accepted,8247.267,8252.766,
1,accepted,55725.716,55731.216,
18,accepted,83595.089,83600.171,
14,accepted,50906.037,50911.536,
2,accepted,10027.754,10032.754,
3,accepted,32918.607,32923.609,
28,accepted,60089.838,60094.836,
26,accepted,16505.370,16510.870,
29,accepted,13861.030,13866.029,
3,accepted,4058.693,4064.192,
30,accepted,91630.135,91635.639,
20,accepted,14777.491,14782.450,
11,accepted,120481.522,120500.037,
25,accepted,97855.114,97860.612,
28,accepted,14921.125,14926.125,
8,accepted,93405.581,93410.083,
3,accepted,13834.268,13839.267,
11,accepted,5457.509,5463.008,
3,accepted,4684.257,4689.256,
31,accepted,76159.156,76164.657,
23,accepted,133504.064,133521.094,
17,accepted,118896.668,118901.667,
4,accepted,77413.776,77419.415,
19,accepted,112543.130,112549.129,
9,accepted,76859.682,76865.180,
13,accepted,95157.466,95162.966,
26,accepted,28751.495,28756.496,
28,accepted,16232.462,16237.964,
20,accepted,25141.745,25148.258,
4,accepted,6563.658,6568.157,
18,accepted,39577.193,39582.195,
12,accepted,86113.425,86118.483,
31,accepted,24479.396,24485.396,
0,accepted,91447.437,91452.945,
20,accepted,18336.852,18341.958,
8,accepted,37311.000,37316.508,
18,accepted,18903.838,18909.339,
6,accepted,131463.223,131469.225,
20,accepted,17216.368,17221.368,
25,accepted,58764.075,58769.577,
2,accepted,74189.623,74193.627,
31,accepted,29488.174,29493.173,
8,accepted,27171.200,27176.709,
24,accepted,187929.987,187944.504,
21,accepted,189034.999,189052.518,
5,accepted,178040.332,178045.331,
4,accepted,51140.037,51145.037,
11,accepted,67393.526,67398.526,
21,accepted,7329.806,7335.804,
13,accepted,63397.878,63402.875,
21,accepted,4283.558,4288.559,
13,accepted,2996.470,3001.970,
4,accepted,20671.362,20677.360,
18,accepted,51401.652,51406.772,
8,accepted,26375.480,26380.484,
8,accepted,1301.980,1307.480,
17,accepted,82834.227,82839.229,
27,accepted,219426.140,219442.153,
3,accepted,93056.105,93061.104,
0,accepted,64670.434,64676.969,
11,accepted,30866.641,30872.142,
13,accepted,23547.542,23552.545,
15,accepted,199886.595,199892.095,
29,accepted,123365.430,123371.429,
26,accepted,97346.643,97351.257,
30,accepted,125131.476,125136.485,
9,accepted,100412.006,100417.283,
26,accepted,5814.855,5820.355,
26,accepted,1181.686,1186.687,
12,accepted,102025.019,102030.519,
31,accepted,60783.676,60789.784,
11,accepted,23505.332,23510.329,
2,accepted,68930.845,68936.346,
2,accepted,3464.477,3470.006,
18,accepted,39136.542,39141.626,
0,accepted,29423.450,29428.459,
3,accepted,33325.074,33330.077,
4,accepted,45518.662,45523.662,
14,accepted,156026.848,156031.847,
10,accepted,266915.725,266934.255,
28,accepted,131462.669,131468.167,
5,accepted,86370.498,86376.497,
4,accepted,23407.454,23413.455,
4,accepted,404.468,409.469,
0,accepted,29455.746,29460.766,
23,accepted,149438.416,149443.916,
12,accepted,41760.672,41765.673,
13,accepted,60330.091,60336.091,
23,accepted,8511.248,8516.710,
29,accepted,61022.108,61027.609,
8,accepted,78973.020,78978.029,
26,accepted,54151.205,54155.704,
9,accepted,60783.717,60788.725,
15,accepted,68670.299,68675.305,
10,accepted,30467.049,30471.814,
10,accepted,1623.128,1628.631,
15,accepted,2617.790,2623.290,
30,accepted,64530.105,64534.607,
1,accepted,199333.482,199338.984,
28,accepted,32688.881,32693.880,
19,accepted,168401.382,168405.885,
12,accepted,17722.876,17728.376,
11,accepted,65473.743,65478.745,
28,accepted,13603.255,13609.119,
31,accepted,71507.648,71513.147,
2,accepted,67052.081,67057.581,
8,accepted,25334.891,25340.391,
6,accepted,150990.661,150996.160,
28,accepted,7638.900,7644.597,
13,accepted,42048.368,42053.868,
22,accepted,262393.131,262398.129,
30,accepted,31100.425,31105.513,
21,accepted,131643.799,131649.301,
13,accepted,4687.693,4692.693,
20,accepted,158009.583,158014.582,
20,accepted,600.705,606.256,
22,accepted,6068.962,6075.461,
16,accepted,294571.176,294576.676,
16,accepted,6862.045,6867.546,
13,accepted,10428.222,10433.722,
29,accepted,51418.371,51423.872,
18,accepted,97448.599,97462.097,
0,accepted,68396.507,68410.508,
15,accepted,50972.960,50986.457,
30,accepted,22881.529,22887.530,
10,accepted,55404.841,55409.841,
31,accepted,40029.137,40035.347,
0,accepted,10196.593,10207.093,
4,accepted,85040.444,85047.058,
10,accepted,13286.280,13291.781,
2,accepted,49497.380,49502.414,
31,accepted,13848.697,13854.195,
2,accepted,7119.677,7123.677,
9,accepted,80122.102,80127.604,
3,accepted,124441.994,124448.131,
18,accepted,33117.263,33127.264,
11,accepted,72291.481,72296.981,
30,accepted,34369.673,34375.174,
6,accepted,72583.604,72588.605,
2,accepted,20461.035,20466.541,
26,accepted,102558.166,102563.166,
19,accepted,95036.095,95041.592,
10,accepted,31282.559,31288.059,
6,accepted,6771.778,6777.777,
25,accepted,222824.177,222829.177,
12,accepted,101944.160,101949.914,
3,accepted,27268.657,27273.656,
10,accepted,8033.038,8038.036,
0,accepted,47061.352,47066.851,
4,accepted,42341.436,42346.433,
16,accepted,67547.412,67551.913,
20,accepted,78055.353,78061.357,
18,accepted,31069.112,31074.614,
5,accepted,138559.289,138563.790,
0,accepted,8080.549,8086.550,
26,accepted,18221.892,18226.889,
30,accepted,28921.948,28927.949,
30,accepted,3262.236,3267.743,
21,accepted,89233.530,89238.529,
3,accepted,15296.815,15302.817,
22,accepted,86908.576,86913.577,
21,accepted,1636.004,1642.141,
1,accepted,122892.616,122898.122,
1,accepted,3786.709,3792.710,
30,accepted,12501.934,12507.361,
16,accepted,23708.217,23714.219,
9,accepted,61609.598,61615.118,
10,accepted,33561.020,33566.529,
2,accepted,45945.729,45951.525,
11,accepted,61777.540,61783.039,
16,accepted,13412.983,13417.986,
23,accepted,161222.967,161229.080,
22,accepted,30469.175,30475.173,
13,accepted,110194.693,110199.198,
26,accepted,38252.016,38257.518,
28,accepted,137419.530,137425.027,
28,accepted,367.048,371.552,
1,accepted,38964.128,38969.128,
12,accepted,60519.048,60524.549,
20,accepted,54707.184,54713.183,
16,accepted,20134.132,20139.131,
10,accepted,28964.829,28969.328,
31,accepted,97084.365,97088.866,
20,accepted,2212.699,2217.198,
0,accepted,53929.865,53935.538,
14,accepted,214383.421,214388.922,
19,accepted,75622.521,75627.288,
29,accepted,129512.568,129517.569,
0,accepted,5423.591,5429.091,
21,accepted,56348.023,56353.523,
15,accepted,132399.035,132409.634,
26,accepted,28516.456,28521.454,
12,accepted,17278.648,17284.157,
14,accepted,14027.711,14033.211,
7,accepted,450640.315,450645.817,
1,accepted,26317.520,26322.524,
23,accepted,45079.980,45085.482,
3,accepted,76421.545,76426.545,
21,accepted,19269.392,19274.392,
5,accepted,83715.201,83720.201,
1,accepted,8767.553,8772.558,
17,accepted,285374.667,285379.667,
2,accepted,60307.105,60312.103,
0,accepted,27603.397,27608.897,
28,accepted,42080.139,42086.640,
12,accepted,19584.810,19589.315,
30,accepted,71058.439,71064.016,
12,accepted,1921.029,1926.031,
4,accepted,96941.628,96947.628,
28,accepted,3718.621,3723.622,
27,accepted,289469.609,289474.608,
27,accepted,652.483,658.500,
21,accepted,10871.663,10876.665,
31,accepted,42887.251,42892.750,
2,accepted,10409.996,10415.503,
16,accepted,46133.128,46138.130,
5,accepted,15222.545,15227.126,
29,accepted,42584.531,42589.530,
26,accepted,35833.425,35838.426,
21,accepted,11801.037,11805.538,
31,accepted,9837.511,9842.010,
13,accepted,68740.370,68744.872,
12,accepted,17517.064,17522.062,
3,accepted,24817.425,24822.926,
25,accepted,122735.794,122741.795,
3,accepted,3082.944,3087.943,
30,accepted,22743.491,22748.491,
13,accepted,7355.291,7361.293,
29,accepted,13926.379,13931.380,
18,accepted,120235.044,120240.544,
11,accepted,88972.021,88977.538,
15,accepted,53427.544,53432.560,
23,accepted,40739.475,40743.975,
31,accepted,17524.696,17530.197,
12,accepted,16723.557,16728.560,
28,accepted,34852.884,34858.384,
22,accepted,89980.153,89985.155,
24,accepted,360060.504,360065.504,
11,accepted,14768.614,14773.636,
15,accepted,16224.530,16230.031,
12,accepted,16307.119,16312.618,
31,accepted,17532.494,17537.491,
17,accepted,59372.760,59377.758,
27,accepted,53530.124,53535.126,
14,accepted,76644.132,76650.525,
17,accepted,8413.507,8418.507,
23,accepted,34057.602,34062.666,
7,accepted,80619.369,80624.876,
17,accepted,4268.258,4273.759,
22,accepted,31096.286,31101.786,
12,accepted,20924.058,20930.061,
26,accepted,59521.552,59527.553,
19,accepted,111828.490,111833.997,
22,accepted,13976.038,13981.539,
15,accepted,36103.114,36108.115,
3,accepted,67897.818,67903.818,
24,accepted,48255.177,48261.680,
8,unfinished,0.000,280658.523,context deadline exceeded
18,unfinished,0.000,66095.752,context deadline exceeded
24,unfinished,0.000,3727.221,context deadline exceeded
29,unfinished,0.000,69244.253,context deadline exceeded
13,unfinished,0.000,69624.979,context deadline exceeded
3,unfinished,0.000,5477.469,context deadline exceeded
30,unfinished,0.000,73003.494,context deadline exceeded
25,unfinished,0.000,75010.062,context deadline exceeded
15,unfinished,0.000,10919.199,context deadline exceeded
22,unfinished,0.000,11662.295,context deadline exceeded
21,unfinished,0.000,78482.944,context deadline exceeded
19,unfinished,0.000,13951.445,context deadline exceeded
5,unfinished,0.000,85640.221,context deadline exceeded
16,unfinished,0.000,86280.600,context deadline exceeded
14,unfinished,0.000,35137.472,context deadline exceeded
2,unfinished,0.000,87308.826,context deadline exceeded
27,unfinished,0.000,36887.519,context deadline exceeded
4,unfinished,0.000,93710.896,context deadline exceeded
31,unfinished,0.000,42535.139,context deadline exceeded
11,unfinished,0.000,48944.928,context deadline exceeded
0,unfinished,0.000,97150.255,context deadline exceeded
1,unfinished,0.000,98707.276,context deadline exceeded
28,unfinished,0.000,57964.933,context deadline exceeded
20,unfinished,0.000,130323.087,context deadline exceeded
9,unfinished,0.000,161486.719,context deadline exceeded
10,unfinished,0.000,130400.635,context deadline exceeded
23,unfinished,0.000,27397.494,context deadline exceeded
12,unfinished,0.000,22774.752,context deadline exceeded
6,unfinished,0.000,200200.745,context deadline exceeded
26,unfinished,0.000,21296.809,context deadline exceeded
17,unfinished,0.000,26171.406,context deadline exceeded
7,unfinished,0.000,27363.994,context deadline exceeded
