timestamp, name, utilization.gpu [%], temperature.gpu, power.draw [W], memory.used [MiB]
2026/09/29 22:18:36.789, NVIDIA GeForce RTX 4090, 11 %, 51, 71.89 W, 8732 MiB
2026/09/29 22:18:37.808, NVIDIA GeForce RTX 4090, 26 %, 52, 100.84 W, 9078 MiB
2026/09/29 22:18:38.814, NVIDIA GeForce RTX 4090, 29 %, 52, 111.93 W, 9078 MiB
2026/09/29 22:18:39.820, NVIDIA GeForce RTX 4090, 29 %, 52, 112.17 W, 9078 MiB
2026/09/29 22:18:40.826, NVIDIA GeForce RTX 4090, 31 %, 51, 113.45 W, 9083 MiB
2026/09/29 22:18:41.832, NVIDIA GeForce RTX 4090, 29 %, 51, 112.60 W, 9083 MiB
2026/09/29 22:18:42.838, NVIDIA GeForce RTX 4090, 31 %, 51, 114.56 W, 9083 MiB
2026/09/29 22:18:43.857, NVIDIA GeForce RTX 4090, 36 %, 51, 111.68 W, 9074 MiB
2026/09/29 22:18:44.863, NVIDIA GeForce RTX 4090, 36 %, 50, 85.61 W, 9074 MiB
2026/09/29 22:18:45.870, NVIDIA GeForce RTX 4090, 38 %, 50, 84.84 W, 9072 MiB
2026/09/29 22:18:46.877, NVIDIA GeForce RTX 4090, 38 %, 50, 84.94 W, 9067 MiB
2026/09/29 22:18:47.884, NVIDIA GeForce RTX 4090, 37 %, 50, 84.09 W, 9066 MiB
2026/09/29 22:18:48.888, NVIDIA GeForce RTX 4090, 39 %, 50, 84.51 W, 9061 MiB
2026/09/29 22:18:49.895, NVIDIA GeForce RTX 4090, 40 %, 50, 83.72 W, 9090 MiB
2026/09/29 22:18:50.901, NVIDIA GeForce RTX 4090, 38 %, 50, 83.89 W, 9090 MiB
2026/09/29 22:18:51.908, NVIDIA GeForce RTX 4090, 39 %, 50, 83.17 W, 9102 MiB
2026/09/29 22:18:52.918, NVIDIA GeForce RTX 4090, 41 %, 50, 86.01 W, 9098 MiB
2026/09/29 22:18:53.926, NVIDIA GeForce RTX 4090, 41 %, 50, 98.73 W, 9112 MiB
2026/09/29 22:18:54.934, NVIDIA GeForce RTX 4090, 41 %, 50, 103.46 W, 9068 MiB
2026/09/29 22:18:55.939, NVIDIA GeForce RTX 4090, 41 %, 50, 108.77 W, 9041 MiB
2026/09/29 22:18:56.947, NVIDIA GeForce RTX 4090, 39 %, 50, 113.98 W, 9034 MiB
2026/09/29 22:18:57.954, NVIDIA GeForce RTX 4090, 37 %, 50, 115.23 W, 9027 MiB
2026/09/29 22:18:58.961, NVIDIA GeForce RTX 4090, 35 %, 50, 114.51 W, 9028 MiB
2026/09/29 22:18:59.971, NVIDIA GeForce RTX 4090, 37 %, 50, 113.86 W, 9028 MiB
2026/09/29 22:19:00.980, NVIDIA GeForce RTX 4090, 39 %, 50, 106.28 W, 9028 MiB
2026/09/29 22:19:01.986, NVIDIA GeForce RTX 4090, 37 %, 50, 101.62 W, 9015 MiB
2026/09/29 22:19:02.992, NVIDIA GeForce RTX 4090, 36 %, 49, 98.17 W, 9015 MiB
2026/09/29 22:19:04.000, NVIDIA GeForce RTX 4090, 39 %, 49, 100.20 W, 9009 MiB
2026/09/29 22:19:05.006, NVIDIA GeForce RTX 4090, 35 %, 50, 103.50 W, 9009 MiB
2026/09/29 22:19:06.012, NVIDIA GeForce RTX 4090, 39 %, 50, 109.01 W, 9068 MiB
2026/09/29 22:19:07.020, NVIDIA GeForce RTX 4090, 38 %, 50, 110.65 W, 9068 MiB
2026/09/29 22:19:08.026, NVIDIA GeForce RTX 4090, 38 %, 49, 105.35 W, 9068 MiB
2026/09/29 22:19:09.033, NVIDIA GeForce RTX 4090, 38 %, 49, 102.02 W, 9067 MiB
2026/09/29 22:19:10.043, NVIDIA GeForce RTX 4090, 46 %, 49, 96.91 W, 9091 MiB
2026/09/29 22:19:11.050, NVIDIA GeForce RTX 4090, 37 %, 50, 111.62 W, 9092 MiB
2026/09/29 22:19:12.059, NVIDIA GeForce RTX 4090, 34 %, 49, 111.98 W, 9092 MiB
2026/09/29 22:19:13.069, NVIDIA GeForce RTX 4090, 39 %, 49, 103.13 W, 9085 MiB
2026/09/29 22:19:14.076, NVIDIA GeForce RTX 4090, 34 %, 49, 100.66 W, 9085 MiB
2026/09/29 22:19:15.084, NVIDIA GeForce RTX 4090, 42 %, 49, 97.32 W, 9082 MiB
2026/09/29 22:19:16.090, NVIDIA GeForce RTX 4090, 36 %, 49, 100.50 W, 9082 MiB
2026/09/29 22:19:17.098, NVIDIA GeForce RTX 4090, 40 %, 49, 98.12 W, 9082 MiB
2026/09/29 22:19:18.107, NVIDIA GeForce RTX 4090, 35 %, 49, 97.63 W, 9082 MiB
2026/09/29 22:19:19.116, NVIDIA GeForce RTX 4090, 40 %, 49, 102.00 W, 9082 MiB
2026/09/29 22:19:20.124, NVIDIA GeForce RTX 4090, 34 %, 49, 101.84 W, 9080 MiB
2026/09/29 22:19:21.132, NVIDIA GeForce RTX 4090, 42 %, 49, 99.66 W, 9079 MiB
2026/09/29 22:19:22.144, NVIDIA GeForce RTX 4090, 38 %, 49, 100.71 W, 9079 MiB
2026/09/29 22:19:23.152, NVIDIA GeForce RTX 4090, 42 %, 48, 99.85 W, 9079 MiB
2026/09/29 22:19:24.160, NVIDIA GeForce RTX 4090, 38 %, 49, 101.67 W, 9070 MiB
2026/09/29 22:19:25.170, NVIDIA GeForce RTX 4090, 39 %, 49, 103.25 W, 9070 MiB
2026/09/29 22:19:26.176, NVIDIA GeForce RTX 4090, 35 %, 48, 98.46 W, 9070 MiB
2026/09/29 22:19:27.185, NVIDIA GeForce RTX 4090, 39 %, 49, 100.88 W, 9070 MiB
2026/09/29 22:19:28.194, NVIDIA GeForce RTX 4090, 41 %, 49, 99.02 W, 9069 MiB
2026/09/29 22:19:29.202, NVIDIA GeForce RTX 4090, 35 %, 48, 101.32 W, 9069 MiB
2026/09/29 22:19:30.210, NVIDIA GeForce RTX 4090, 40 %, 48, 101.35 W, 9068 MiB
2026/09/29 22:19:31.220, NVIDIA GeForce RTX 4090, 39 %, 48, 100.42 W, 9068 MiB
2026/09/29 22:19:32.226, NVIDIA GeForce RTX 4090, 40 %, 48, 98.82 W, 9068 MiB
2026/09/29 22:19:33.236, NVIDIA GeForce RTX 4090, 37 %, 48, 101.35 W, 9068 MiB
2026/09/29 22:19:34.245, NVIDIA GeForce RTX 4090, 40 %, 48, 99.34 W, 9068 MiB
2026/09/29 22:19:35.255, NVIDIA GeForce RTX 4090, 39 %, 48, 102.15 W, 9068 MiB
2026/09/29 22:19:36.264, NVIDIA GeForce RTX 4090, 38 %, 48, 96.52 W, 9067 MiB
2026/09/29 22:19:37.273, NVIDIA GeForce RTX 4090, 35 %, 48, 101.89 W, 9067 MiB
2026/09/29 22:19:38.283, NVIDIA GeForce RTX 4090, 37 %, 48, 98.40 W, 9059 MiB
2026/09/29 22:19:39.290, NVIDIA GeForce RTX 4090, 37 %, 48, 101.21 W, 9059 MiB
2026/09/29 22:19:40.302, NVIDIA GeForce RTX 4090, 33 %, 48, 101.21 W, 9059 MiB
2026/09/29 22:19:41.312, NVIDIA GeForce RTX 4090, 37 %, 48, 98.08 W, 9059 MiB
2026/09/29 22:19:42.318, NVIDIA GeForce RTX 4090, 37 %, 48, 100.51 W, 9059 MiB
2026/09/29 22:19:43.331, NVIDIA GeForce RTX 4090, 42 %, 48, 94.99 W, 9059 MiB
2026/09/29 22:19:44.341, NVIDIA GeForce RTX 4090, 38 %, 48, 102.71 W, 9059 MiB
2026/09/29 22:19:45.348, NVIDIA GeForce RTX 4090, 41 %, 48, 99.71 W, 9059 MiB
2026/09/29 22:19:46.359, NVIDIA GeForce RTX 4090, 36 %, 48, 101.23 W, 9059 MiB
2026/09/29 22:19:47.367, NVIDIA GeForce RTX 4090, 37 %, 48, 102.54 W, 9069 MiB
2026/09/29 22:19:48.376, NVIDIA GeForce RTX 4090, 36 %, 48, 103.11 W, 9071 MiB
2026/09/29 22:19:49.385, NVIDIA GeForce RTX 4090, 39 %, 48, 101.73 W, 9072 MiB
2026/09/29 22:19:50.397, NVIDIA GeForce RTX 4090, 40 %, 48, 98.71 W, 9072 MiB
2026/09/29 22:19:51.403, NVIDIA GeForce RTX 4090, 33 %, 48, 94.12 W, 9058 MiB
2026/09/29 22:19:52.413, NVIDIA GeForce RTX 4090, 38 %, 48, 102.91 W, 9058 MiB
2026/09/29 22:19:53.423, NVIDIA GeForce RTX 4090, 38 %, 48, 103.19 W, 9059 MiB
2026/09/29 22:19:54.429, NVIDIA GeForce RTX 4090, 34 %, 47, 100.67 W, 9059 MiB
2026/09/29 22:19:55.437, NVIDIA GeForce RTX 4090, 39 %, 48, 100.12 W, 9059 MiB
2026/09/29 22:19:56.446, NVIDIA GeForce RTX 4090, 41 %, 47, 96.44 W, 9059 MiB
2026/09/29 22:19:57.453, NVIDIA GeForce RTX 4090, 33 %, 47, 90.01 W, 9059 MiB
2026/09/29 22:19:58.466, NVIDIA GeForce RTX 4090, 39 %, 48, 100.20 W, 9059 MiB
2026/09/29 22:19:59.473, NVIDIA GeForce RTX 4090, 41 %, 47, 93.53 W, 9059 MiB
2026/09/29 22:20:00.482, NVIDIA GeForce RTX 4090, 39 %, 48, 98.02 W, 9059 MiB
2026/09/29 22:20:01.491, NVIDIA GeForce RTX 4090, 41 %, 48, 98.52 W, 9059 MiB
2026/09/29 22:20:02.500, NVIDIA GeForce RTX 4090, 39 %, 48, 97.65 W, 9059 MiB
2026/09/29 22:20:03.505, NVIDIA GeForce RTX 4090, 29 %, 48, 101.30 W, 9059 MiB
2026/09/29 22:20:04.509, NVIDIA GeForce RTX 4090, 32 %, 47, 81.41 W, 9058 MiB
2026/09/29 22:20:05.511, NVIDIA GeForce RTX 4090, 30 %, 47, 76.86 W, 9011 MiB
2026/09/29 22:20:06.515, NVIDIA GeForce RTX 4090, 35 %, 47, 76.78 W, 9006 MiB
2026/09/29 22:20:07.523, NVIDIA GeForce RTX 4090, 42 %, 47, 79.43 W, 9063 MiB
2026/09/29 22:20:08.530, NVIDIA GeForce RTX 4090, 37 %, 47, 85.00 W, 9065 MiB
2026/09/29 22:20:09.537, NVIDIA GeForce RTX 4090, 39 %, 47, 101.44 W, 9059 MiB
2026/09/29 22:20:10.543, NVIDIA GeForce RTX 4090, 39 %, 47, 107.54 W, 9067 MiB
2026/09/29 22:20:11.551, NVIDIA GeForce RTX 4090, 39 %, 47, 104.10 W, 9067 MiB
2026/09/29 22:20:12.558, NVIDIA GeForce RTX 4090, 40 %, 47, 101.47 W, 9067 MiB
2026/09/29 22:20:13.568, NVIDIA GeForce RTX 4090, 37 %, 47, 99.23 W, 9067 MiB
2026/09/29 22:20:14.575, NVIDIA GeForce RTX 4090, 40 %, 47, 101.28 W, 9067 MiB
2026/09/29 22:20:15.580, NVIDIA GeForce RTX 4090, 38 %, 47, 101.26 W, 9067 MiB
2026/09/29 22:20:16.587, NVIDIA GeForce RTX 4090, 40 %, 48, 102.04 W, 9111 MiB
2026/09/29 22:20:17.594, NVIDIA GeForce RTX 4090, 35 %, 49, 121.83 W, 9122 MiB
2026/09/29 22:20:18.603, NVIDIA GeForce RTX 4090, 33 %, 48, 129.40 W, 9124 MiB
2026/09/29 22:20:19.610, NVIDIA GeForce RTX 4090, 40 %, 48, 114.72 W, 9119 MiB
2026/09/29 22:20:20.618, NVIDIA GeForce RTX 4090, 38 %, 49, 123.49 W, 9102 MiB
2026/09/29 22:20:21.630, NVIDIA GeForce RTX 4090, 32 %, 49, 126.59 W, 9087 MiB
2026/09/29 22:20:22.639, NVIDIA GeForce RTX 4090, 38 %, 48, 120.59 W, 9082 MiB
2026/09/29 22:20:23.650, NVIDIA GeForce RTX 4090, 38 %, 48, 121.89 W, 9048 MiB
2026/09/29 22:20:24.660, NVIDIA GeForce RTX 4090, 35 %, 48, 115.38 W, 9031 MiB
2026/09/29 22:20:25.668, NVIDIA GeForce RTX 4090, 33 %, 48, 110.60 W, 9029 MiB
2026/09/29 22:20:26.675, NVIDIA GeForce RTX 4090, 38 %, 47, 106.40 W, 9029 MiB
2026/09/29 22:20:27.682, NVIDIA GeForce RTX 4090, 40 %, 48, 102.77 W, 9020 MiB
2026/09/29 22:20:28.692, NVIDIA GeForce RTX 4090, 37 %, 49, 130.04 W, 9020 MiB
2026/09/29 22:20:29.699, NVIDIA GeForce RTX 4090, 37 %, 49, 136.02 W, 9029 MiB
2026/09/29 22:20:30.709, NVIDIA GeForce RTX 4090, 40 %, 48, 124.53 W, 9034 MiB
2026/09/29 22:20:31.725, NVIDIA GeForce RTX 4090, 29 %, 48, 115.80 W, 9029 MiB
2026/09/29 22:20:32.735, NVIDIA GeForce RTX 4090, 39 %, 48, 110.78 W, 9017 MiB
2026/09/29 22:20:33.744, NVIDIA GeForce RTX 4090, 35 %, 48, 112.23 W, 9017 MiB
2026/09/29 22:20:34.753, NVIDIA GeForce RTX 4090, 40 %, 48, 110.18 W, 8430 MiB
2026/09/29 22:20:35.762, NVIDIA GeForce RTX 4090, 38 %, 48, 117.57 W, 8465 MiB
2026/09/29 22:20:36.770, NVIDIA GeForce RTX 4090, 40 %, 49, 120.21 W, 8470 MiB
2026/09/29 22:20:37.780, NVIDIA GeForce RTX 4090, 35 %, 49, 124.42 W, 8600 MiB
2026/09/29 22:20:38.793, NVIDIA GeForce RTX 4090, 33 %, 49, 135.39 W, 8592 MiB
2026/09/29 22:20:39.801, NVIDIA GeForce RTX 4090, 36 %, 48, 128.51 W, 8593 MiB
2026/09/29 22:20:40.811, NVIDIA GeForce RTX 4090, 40 %, 48, 118.55 W, 8646 MiB
2026/09/29 22:20:41.824, NVIDIA GeForce RTX 4090, 37 %, 48, 125.13 W, 8648 MiB
2026/09/29 22:20:42.833, NVIDIA GeForce RTX 4090, 39 %, 48, 124.67 W, 8645 MiB
2026/09/29 22:20:43.843, NVIDIA GeForce RTX 4090, 41 %, 48, 123.17 W, 8645 MiB
2026/09/29 22:20:44.850, NVIDIA GeForce RTX 4090, 40 %, 48, 113.17 W, 8655 MiB
2026/09/29 22:20:45.856, NVIDIA GeForce RTX 4090, 39 %, 48, 107.18 W, 8668 MiB
2026/09/29 22:20:46.865, NVIDIA GeForce RTX 4090, 40 %, 48, 107.32 W, 8657 MiB
2026/09/29 22:20:47.878, NVIDIA GeForce RTX 4090, 35 %, 48, 104.76 W, 8648 MiB
2026/09/29 22:20:48.887, NVIDIA GeForce RTX 4090, 35 %, 48, 104.96 W, 8648 MiB
2026/09/29 22:20:49.896, NVIDIA GeForce RTX 4090, 34 %, 48, 108.92 W, 8656 MiB
2026/09/29 22:20:50.907, NVIDIA GeForce RTX 4090, 39 %, 48, 111.24 W, 8669 MiB
2026/09/29 22:20:51.915, NVIDIA GeForce RTX 4090, 41 %, 48, 110.09 W, 8679 MiB
2026/09/29 22:20:52.926, NVIDIA GeForce RTX 4090, 39 %, 48, 116.62 W, 8720 MiB
2026/09/29 22:20:53.934, NVIDIA GeForce RTX 4090, 40 %, 48, 116.48 W, 8732 MiB
2026/09/29 22:20:54.944, NVIDIA GeForce RTX 4090, 38 %, 48, 116.85 W, 8751 MiB
2026/09/29 22:20:55.952, NVIDIA GeForce RTX 4090, 40 %, 48, 119.70 W, 8694 MiB
2026/09/29 22:20:56.960, NVIDIA GeForce RTX 4090, 35 %, 49, 134.37 W, 8681 MiB
2026/09/29 22:20:57.968, NVIDIA GeForce RTX 4090, 34 %, 49, 137.46 W, 8775 MiB
2026/09/29 22:20:58.976, NVIDIA GeForce RTX 4090, 32 %, 49, 131.25 W, 8786 MiB
2026/09/29 22:20:59.983, NVIDIA GeForce RTX 4090, 37 %, 49, 138.58 W, 8769 MiB
2026/09/29 22:21:00.991, NVIDIA GeForce RTX 4090, 40 %, 49, 134.75 W, 8772 MiB
2026/09/29 22:21:01.996, NVIDIA GeForce RTX 4090, 39 %, 49, 134.58 W, 8747 MiB
2026/09/29 22:21:03.001, NVIDIA GeForce RTX 4090, 41 %, 49, 131.08 W, 8771 MiB
2026/09/29 22:21:04.010, NVIDIA GeForce RTX 4090, 39 %, 49, 137.23 W, 8747 MiB
2026/09/29 22:21:05.019, NVIDIA GeForce RTX 4090, 40 %, 49, 136.82 W, 8745 MiB
2026/09/29 22:21:06.026, NVIDIA GeForce RTX 4090, 34 %, 49, 133.77 W, 8745 MiB
2026/09/29 22:21:07.034, NVIDIA GeForce RTX 4090, 39 %, 49, 136.73 W, 8745 MiB
2026/09/29 22:21:08.040, NVIDIA GeForce RTX 4090, 39 %, 49, 137.82 W, 8748 MiB
2026/09/29 22:21:09.049, NVIDIA GeForce RTX 4090, 40 %, 49, 134.24 W, 8744 MiB
2026/09/29 22:21:10.057, NVIDIA GeForce RTX 4090, 39 %, 49, 138.56 W, 8759 MiB
2026/09/29 22:21:11.064, NVIDIA GeForce RTX 4090, 41 %, 49, 134.96 W, 8727 MiB
2026/09/29 22:21:12.070, NVIDIA GeForce RTX 4090, 32 %, 49, 127.87 W, 8731 MiB
2026/09/29 22:21:13.077, NVIDIA GeForce RTX 4090, 38 %, 49, 133.54 W, 8738 MiB
2026/09/29 22:21:14.087, NVIDIA GeForce RTX 4090, 38 %, 49, 137.91 W, 8728 MiB
2026/09/29 22:21:15.096, NVIDIA GeForce RTX 4090, 40 %, 50, 137.74 W, 8728 MiB
2026/09/29 22:21:16.105, NVIDIA GeForce RTX 4090, 41 %, 50, 139.11 W, 8727 MiB
2026/09/29 22:21:17.110, NVIDIA GeForce RTX 4090, 34 %, 49, 139.80 W, 8727 MiB
2026/09/29 22:21:18.117, NVIDIA GeForce RTX 4090, 39 %, 50, 133.91 W, 8727 MiB
2026/09/29 22:21:19.126, NVIDIA GeForce RTX 4090, 39 %, 50, 136.80 W, 8739 MiB
2026/09/29 22:21:20.134, NVIDIA GeForce RTX 4090, 40 %, 49, 134.12 W, 8741 MiB
2026/09/29 22:21:21.145, NVIDIA GeForce RTX 4090, 33 %, 49, 132.75 W, 8733 MiB
2026/09/29 22:21:22.153, NVIDIA GeForce RTX 4090, 39 %, 49, 136.90 W, 8728 MiB
2026/09/29 22:21:23.164, NVIDIA GeForce RTX 4090, 40 %, 49, 123.16 W, 8742 MiB
2026/09/29 22:21:24.171, NVIDIA GeForce RTX 4090, 40 %, 49, 123.65 W, 8741 MiB
2026/09/29 22:21:25.177, NVIDIA GeForce RTX 4090, 35 %, 49, 124.17 W, 8738 MiB
2026/09/29 22:21:26.187, NVIDIA GeForce RTX 4090, 33 %, 49, 131.07 W, 8732 MiB
2026/09/29 22:21:27.195, NVIDIA GeForce RTX 4090, 38 %, 50, 137.65 W, 8732 MiB
2026/09/29 22:21:28.203, NVIDIA GeForce RTX 4090, 42 %, 49, 129.60 W, 8726 MiB
2026/09/29 22:21:29.210, NVIDIA GeForce RTX 4090, 34 %, 49, 130.61 W, 8726 MiB
2026/09/29 22:21:30.220, NVIDIA GeForce RTX 4090, 35 %, 49, 135.90 W, 8726 MiB
2026/09/29 22:21:31.227, NVIDIA GeForce RTX 4090, 39 %, 50, 129.31 W, 8726 MiB
2026/09/29 22:21:32.236, NVIDIA GeForce RTX 4090, 39 %, 50, 135.11 W, 8726 MiB
2026/09/29 22:21:33.242, NVIDIA GeForce RTX 4090, 37 %, 49, 131.13 W, 8726 MiB
2026/09/29 22:21:34.251, NVIDIA GeForce RTX 4090, 36 %, 49, 128.45 W, 8726 MiB
2026/09/29 22:21:35.259, NVIDIA GeForce RTX 4090, 40 %, 50, 130.62 W, 8726 MiB
2026/09/29 22:21:36.267, NVIDIA GeForce RTX 4090, 37 %, 50, 134.21 W, 8726 MiB
2026/09/29 22:21:37.276, NVIDIA GeForce RTX 4090, 37 %, 49, 132.62 W, 8716 MiB
2026/09/29 22:21:38.281, NVIDIA GeForce RTX 4090, 38 %, 49, 131.55 W, 8699 MiB
2026/09/29 22:21:39.287, NVIDIA GeForce RTX 4090, 40 %, 49, 123.18 W, 8699 MiB
2026/09/29 22:21:40.294, NVIDIA GeForce RTX 4090, 39 %, 49, 126.67 W, 8698 MiB
2026/09/29 22:21:41.302, NVIDIA GeForce RTX 4090, 34 %, 49, 130.16 W, 8698 MiB
2026/09/29 22:21:42.313, NVIDIA GeForce RTX 4090, 38 %, 49, 125.06 W, 8698 MiB
2026/09/29 22:21:43.321, NVIDIA GeForce RTX 4090, 39 %, 49, 129.39 W, 8694 MiB
2026/09/29 22:21:44.329, NVIDIA GeForce RTX 4090, 34 %, 49, 130.13 W, 8694 MiB
2026/09/29 22:21:45.334, NVIDIA GeForce RTX 4090, 39 %, 50, 126.36 W, 8694 MiB
2026/09/29 22:21:46.345, NVIDIA GeForce RTX 4090, 38 %, 50, 137.96 W, 8693 MiB
2026/09/29 22:21:47.353, NVIDIA GeForce RTX 4090, 34 %, 49, 132.35 W, 8693 MiB
2026/09/29 22:21:48.362, NVIDIA GeForce RTX 4090, 39 %, 50, 132.99 W, 8693 MiB
2026/09/29 22:21:49.373, NVIDIA GeForce RTX 4090, 40 %, 49, 130.49 W, 8693 MiB
2026/09/29 22:21:50.378, NVIDIA GeForce RTX 4090, 39 %, 50, 125.11 W, 8693 MiB
2026/09/29 22:21:51.383, NVIDIA GeForce RTX 4090, 40 %, 49, 122.56 W, 8693 MiB
2026/09/29 22:21:52.391, NVIDIA GeForce RTX 4090, 41 %, 49, 121.21 W, 8693 MiB
2026/09/29 22:21:53.397, NVIDIA GeForce RTX 4090, 40 %, 49, 122.53 W, 8693 MiB
2026/09/29 22:21:54.404, NVIDIA GeForce RTX 4090, 39 %, 50, 134.07 W, 8693 MiB
2026/09/29 22:21:55.413, NVIDIA GeForce RTX 4090, 39 %, 50, 138.20 W, 8693 MiB
2026/09/29 22:21:56.422, NVIDIA GeForce RTX 4090, 39 %, 50, 125.18 W, 8693 MiB
2026/09/29 22:21:57.431, NVIDIA GeForce RTX 4090, 36 %, 50, 127.91 W, 8694 MiB
2026/09/29 22:21:58.441, NVIDIA GeForce RTX 4090, 38 %, 50, 136.85 W, 8714 MiB
2026/09/29 22:21:59.450, NVIDIA GeForce RTX 4090, 37 %, 50, 137.68 W, 8711 MiB
2026/09/29 22:22:00.458, NVIDIA GeForce RTX 4090, 34 %, 49, 128.33 W, 8707 MiB
2026/09/29 22:22:01.467, NVIDIA GeForce RTX 4090, 38 %, 50, 128.20 W, 8695 MiB
2026/09/29 22:22:02.474, NVIDIA GeForce RTX 4090, 41 %, 50, 129.06 W, 8694 MiB
2026/09/29 22:22:03.482, NVIDIA GeForce RTX 4090, 34 %, 50, 134.42 W, 8694 MiB
2026/09/29 22:22:04.494, NVIDIA GeForce RTX 4090, 40 %, 50, 133.75 W, 8693 MiB
2026/09/29 22:22:05.502, NVIDIA GeForce RTX 4090, 40 %, 50, 129.68 W, 8691 MiB
2026/09/29 22:22:06.507, NVIDIA GeForce RTX 4090, 35 %, 50, 132.89 W, 8691 MiB
2026/09/29 22:22:07.515, NVIDIA GeForce RTX 4090, 39 %, 49, 118.29 W, 8691 MiB
2026/09/29 22:22:08.523, NVIDIA GeForce RTX 4090, 33 %, 49, 120.13 W, 8690 MiB
2026/09/29 22:22:09.529, NVIDIA GeForce RTX 4090, 39 %, 50, 125.31 W, 8690 MiB
2026/09/29 22:22:10.534, NVIDIA GeForce RTX 4090, 38 %, 50, 129.41 W, 8692 MiB
2026/09/29 22:22:11.541, NVIDIA GeForce RTX 4090, 31 %, 49, 131.43 W, 8692 MiB
2026/09/29 22:22:12.551, NVIDIA GeForce RTX 4090, 40 %, 50, 131.21 W, 8702 MiB
2026/09/29 22:22:13.559, NVIDIA GeForce RTX 4090, 32 %, 50, 132.15 W, 8706 MiB
2026/09/29 22:22:14.565, NVIDIA GeForce RTX 4090, 38 %, 50, 136.38 W, 8706 MiB
2026/09/29 22:22:15.570, NVIDIA GeForce RTX 4090, 37 %, 50, 134.68 W, 8706 MiB
2026/09/29 22:22:16.578, NVIDIA GeForce RTX 4090, 34 %, 49, 130.90 W, 8718 MiB
2026/09/29 22:22:17.586, NVIDIA GeForce RTX 4090, 39 %, 50, 122.89 W, 8731 MiB
2026/09/29 22:22:18.593, NVIDIA GeForce RTX 4090, 34 %, 50, 123.65 W, 8728 MiB
2026/09/29 22:22:19.600, NVIDIA GeForce RTX 4090, 40 %, 50, 124.44 W, 8712 MiB
2026/09/29 22:22:20.608, NVIDIA GeForce RTX 4090, 40 %, 50, 123.94 W, 8712 MiB
2026/09/29 22:22:21.612, NVIDIA GeForce RTX 4090, 36 %, 49, 125.18 W, 8707 MiB
2026/09/29 22:22:22.622, NVIDIA GeForce RTX 4090, 39 %, 49, 119.06 W, 8707 MiB
2026/09/29 22:22:23.629, NVIDIA GeForce RTX 4090, 34 %, 49, 124.24 W, 8707 MiB
2026/09/29 22:22:24.640, NVIDIA GeForce RTX 4090, 38 %, 50, 124.29 W, 8706 MiB
2026/09/29 22:22:25.645, NVIDIA GeForce RTX 4090, 33 %, 50, 127.15 W, 8706 MiB
2026/09/29 22:22:26.651, NVIDIA GeForce RTX 4090, 39 %, 49, 127.61 W, 8706 MiB
2026/09/29 22:22:27.659, NVIDIA GeForce RTX 4090, 40 %, 49, 121.29 W, 8706 MiB
2026/09/29 22:22:28.666, NVIDIA GeForce RTX 4090, 34 %, 50, 126.74 W, 8704 MiB
2026/09/29 22:22:29.674, NVIDIA GeForce RTX 4090, 40 %, 50, 136.38 W, 8698 MiB
2026/09/29 22:22:30.680, NVIDIA GeForce RTX 4090, 34 %, 50, 135.45 W, 8698 MiB
2026/09/29 22:22:31.689, NVIDIA GeForce RTX 4090, 39 %, 50, 123.18 W, 8697 MiB
2026/09/29 22:22:32.696, NVIDIA GeForce RTX 4090, 34 %, 49, 124.56 W, 8709 MiB
2026/09/29 22:22:33.705, NVIDIA GeForce RTX 4090, 38 %, 50, 125.39 W, 8715 MiB
2026/09/29 22:22:34.710, NVIDIA GeForce RTX 4090, 33 %, 49, 123.82 W, 8710 MiB
2026/09/29 22:22:35.716, NVIDIA GeForce RTX 4090, 40 %, 50, 127.11 W, 8698 MiB
2026/09/29 22:22:36.721, NVIDIA GeForce RTX 4090, 36 %, 49, 126.75 W, 8698 MiB
2026/09/29 22:22:37.727, NVIDIA GeForce RTX 4090, 40 %, 49, 126.99 W, 8698 MiB
2026/09/29 22:22:38.732, NVIDIA GeForce RTX 4090, 42 %, 49, 118.18 W, 8697 MiB
2026/09/29 22:22:39.739, NVIDIA GeForce RTX 4090, 40 %, 49, 122.25 W, 8697 MiB
2026/09/29 22:22:40.746, NVIDIA GeForce RTX 4090, 39 %, 49, 123.28 W, 8697 MiB
2026/09/29 22:22:41.754, NVIDIA GeForce RTX 4090, 40 %, 50, 127.12 W, 8697 MiB
2026/09/29 22:22:42.760, NVIDIA GeForce RTX 4090, 38 %, 49, 123.68 W, 8697 MiB
2026/09/29 22:22:43.769, NVIDIA GeForce RTX 4090, 38 %, 50, 129.96 W, 8697 MiB
2026/09/29 22:22:44.775, NVIDIA GeForce RTX 4090, 34 %, 50, 134.69 W, 8715 MiB
2026/09/29 22:22:45.787, NVIDIA GeForce RTX 4090, 39 %, 50, 136.80 W, 8710 MiB
2026/09/29 22:22:46.792, NVIDIA GeForce RTX 4090, 31 %, 50, 136.09 W, 8701 MiB
2026/09/29 22:22:47.800, NVIDIA GeForce RTX 4090, 39 %, 50, 132.85 W, 8697 MiB
2026/09/29 22:22:48.807, NVIDIA GeForce RTX 4090, 32 %, 50, 132.50 W, 8696 MiB
2026/09/29 22:22:49.819, NVIDIA GeForce RTX 4090, 38 %, 50, 136.83 W, 8696 MiB
2026/09/29 22:22:50.826, NVIDIA GeForce RTX 4090, 36 %, 49, 125.73 W, 8695 MiB
2026/09/29 22:22:51.835, NVIDIA GeForce RTX 4090, 40 %, 50, 125.69 W, 8695 MiB
2026/09/29 22:22:52.841, NVIDIA GeForce RTX 4090, 32 %, 49, 127.47 W, 8695 MiB
2026/09/29 22:22:53.850, NVIDIA GeForce RTX 4090, 39 %, 50, 128.36 W, 8710 MiB
2026/09/29 22:22:54.857, NVIDIA GeForce RTX 4090, 35 %, 49, 126.84 W, 8710 MiB
2026/09/29 22:22:55.866, NVIDIA GeForce RTX 4090, 41 %, 49, 118.22 W, 8756 MiB
2026/09/29 22:22:56.871, NVIDIA GeForce RTX 4090, 34 %, 50, 137.65 W, 8749 MiB
2026/09/29 22:22:57.880, NVIDIA GeForce RTX 4090, 40 %, 50, 135.05 W, 8708 MiB
2026/09/29 22:22:58.890, NVIDIA GeForce RTX 4090, 33 %, 50, 129.90 W, 8701 MiB
2026/09/29 22:22:59.895, NVIDIA GeForce RTX 4090, 39 %, 50, 129.73 W, 8701 MiB
2026/09/29 22:23:00.903, NVIDIA GeForce RTX 4090, 35 %, 50, 130.11 W, 8701 MiB
2026/09/29 22:23:01.912, NVIDIA GeForce RTX 4090, 39 %, 50, 133.94 W, 8718 MiB
2026/09/29 22:23:02.921, NVIDIA GeForce RTX 4090, 40 %, 50, 135.48 W, 8718 MiB
2026/09/29 22:23:03.928, NVIDIA GeForce RTX 4090, 42 %, 49, 119.51 W, 8718 MiB
2026/09/29 22:23:04.935, NVIDIA GeForce RTX 4090, 39 %, 50, 123.81 W, 8718 MiB
2026/09/29 22:23:05.943, NVIDIA GeForce RTX 4090, 32 %, 50, 127.71 W, 8720 MiB
2026/09/29 22:23:06.950, NVIDIA GeForce RTX 4090, 40 %, 50, 129.40 W, 8733 MiB
2026/09/29 22:23:07.956, NVIDIA GeForce RTX 4090, 32 %, 49, 129.01 W, 8738 MiB
2026/09/29 22:23:08.961, NVIDIA GeForce RTX 4090, 39 %, 50, 125.34 W, 8725 MiB
2026/09/29 22:23:09.969, NVIDIA GeForce RTX 4090, 38 %, 50, 132.14 W, 8713 MiB
2026/09/29 22:23:10.977, NVIDIA GeForce RTX 4090, 38 %, 50, 128.21 W, 8721 MiB
2026/09/29 22:23:11.985, NVIDIA GeForce RTX 4090, 41 %, 50, 128.90 W, 8713 MiB
2026/09/29 22:23:12.991, NVIDIA GeForce RTX 4090, 38 %, 50, 123.48 W, 8745 MiB
2026/09/29 22:23:14.002, NVIDIA GeForce RTX 4090, 39 %, 50, 135.35 W, 8737 MiB
2026/09/29 22:23:15.011, NVIDIA GeForce RTX 4090, 32 %, 50, 137.80 W, 8721 MiB
2026/09/29 22:23:16.019, NVIDIA GeForce RTX 4090, 40 %, 50, 120.93 W, 8720 MiB
2026/09/29 22:23:17.026, NVIDIA GeForce RTX 4090, 38 %, 50, 131.21 W, 8720 MiB
2026/09/29 22:23:18.032, NVIDIA GeForce RTX 4090, 41 %, 50, 123.32 W, 8720 MiB
2026/09/29 22:23:19.046, NVIDIA GeForce RTX 4090, 40 %, 50, 124.68 W, 8721 MiB
2026/09/29 22:23:20.054, NVIDIA GeForce RTX 4090, 35 %, 50, 122.53 W, 8721 MiB
2026/09/29 22:23:21.063, NVIDIA GeForce RTX 4090, 39 %, 50, 119.13 W, 8721 MiB
2026/09/29 22:23:22.070, NVIDIA GeForce RTX 4090, 35 %, 50, 123.48 W, 8718 MiB
2026/09/29 22:23:23.078, NVIDIA GeForce RTX 4090, 38 %, 50, 122.16 W, 8718 MiB
2026/09/29 22:23:24.088, NVIDIA GeForce RTX 4090, 41 %, 50, 123.96 W, 8717 MiB
2026/09/29 22:23:25.096, NVIDIA GeForce RTX 4090, 36 %, 49, 121.77 W, 8718 MiB
2026/09/29 22:23:26.103, NVIDIA GeForce RTX 4090, 40 %, 50, 127.14 W, 8718 MiB
2026/09/29 22:23:27.110, NVIDIA GeForce RTX 4090, 36 %, 50, 131.04 W, 8740 MiB
2026/09/29 22:23:28.117, NVIDIA GeForce RTX 4090, 41 %, 50, 127.81 W, 8732 MiB
2026/09/29 22:23:29.125, NVIDIA GeForce RTX 4090, 37 %, 50, 130.73 W, 8732 MiB
2026/09/29 22:23:30.132, NVIDIA GeForce RTX 4090, 41 %, 50, 125.14 W, 8724 MiB
2026/09/29 22:23:31.142, NVIDIA GeForce RTX 4090, 37 %, 50, 124.06 W, 8724 MiB
2026/09/29 22:23:32.146, NVIDIA GeForce RTX 4090, 33 %, 50, 128.46 W, 8718 MiB
2026/09/29 22:23:33.154, NVIDIA GeForce RTX 4090, 36 %, 50, 126.77 W, 8718 MiB
2026/09/29 22:23:34.163, NVIDIA GeForce RTX 4090, 39 %, 50, 125.56 W, 8717 MiB
2026/09/29 22:23:35.174, NVIDIA GeForce RTX 4090, 40 %, 50, 122.17 W, 8727 MiB
2026/09/29 22:23:36.179, NVIDIA GeForce RTX 4090, 36 %, 50, 135.43 W, 8729 MiB
2026/09/29 22:23:37.185, NVIDIA GeForce RTX 4090, 32 %, 50, 136.43 W, 8730 MiB
2026/09/29 22:23:38.191, NVIDIA GeForce RTX 4090, 38 %, 50, 131.71 W, 8730 MiB
2026/09/29 22:23:39.200, NVIDIA GeForce RTX 4090, 39 %, 50, 124.82 W, 8722 MiB
2026/09/29 22:23:40.209, NVIDIA GeForce RTX 4090, 39 %, 50, 120.29 W, 8722 MiB
2026/09/29 22:23:41.216, NVIDIA GeForce RTX 4090, 41 %, 50, 125.40 W, 8709 MiB
2026/09/29 22:23:42.222, NVIDIA GeForce RTX 4090, 35 %, 50, 121.27 W, 8730 MiB
2026/09/29 22:23:43.234, NVIDIA GeForce RTX 4090, 41 %, 50, 122.46 W, 8730 MiB
2026/09/29 22:23:44.240, NVIDIA GeForce RTX 4090, 39 %, 50, 131.43 W, 8742 MiB
2026/09/29 22:23:45.249, NVIDIA GeForce RTX 4090, 39 %, 50, 127.71 W, 8738 MiB
2026/09/29 22:23:46.259, NVIDIA GeForce RTX 4090, 40 %, 50, 118.53 W, 8742 MiB
2026/09/29 22:23:47.264, NVIDIA GeForce RTX 4090, 34 %, 50, 130.98 W, 8750 MiB
2026/09/29 22:23:48.277, NVIDIA GeForce RTX 4090, 37 %, 50, 136.01 W, 8750 MiB
2026/09/29 22:23:49.284, NVIDIA GeForce RTX 4090, 38 %, 50, 129.62 W, 8750 MiB
2026/09/29 22:23:50.291, NVIDIA GeForce RTX 4090, 41 %, 49, 114.78 W, 8722 MiB
2026/09/29 22:23:51.298, NVIDIA GeForce RTX 4090, 37 %, 50, 123.24 W, 8722 MiB
2026/09/29 22:23:52.305, NVIDIA GeForce RTX 4090, 32 %, 50, 125.32 W, 8722 MiB
2026/09/29 22:23:53.313, NVIDIA GeForce RTX 4090, 40 %, 49, 115.26 W, 8741 MiB
2026/09/29 22:23:54.320, NVIDIA GeForce RTX 4090, 41 %, 49, 119.01 W, 8741 MiB
2026/09/29 22:23:55.328, NVIDIA GeForce RTX 4090, 33 %, 49, 119.50 W, 8736 MiB
2026/09/29 22:23:56.336, NVIDIA GeForce RTX 4090, 40 %, 50, 123.92 W, 8723 MiB
2026/09/29 22:23:57.342, NVIDIA GeForce RTX 4090, 32 %, 50, 124.42 W, 8723 MiB
2026/09/29 22:23:58.349, NVIDIA GeForce RTX 4090, 38 %, 50, 120.94 W, 8721 MiB
2026/09/29 22:23:59.354, NVIDIA GeForce RTX 4090, 39 %, 50, 124.23 W, 8721 MiB
2026/09/29 22:24:00.364, NVIDIA GeForce RTX 4090, 32 %, 49, 120.16 W, 8721 MiB
2026/09/29 22:24:01.373, NVIDIA GeForce RTX 4090, 39 %, 50, 121.63 W, 8721 MiB
2026/09/29 22:24:02.379, NVIDIA GeForce RTX 4090, 32 %, 49, 122.42 W, 8721 MiB
2026/09/29 22:24:03.388, NVIDIA GeForce RTX 4090, 40 %, 49, 110.99 W, 8723 MiB
2026/09/29 22:24:04.396, NVIDIA GeForce RTX 4090, 41 %, 49, 116.68 W, 8723 MiB
2026/09/29 22:24:05.404, NVIDIA GeForce RTX 4090, 35 %, 49, 114.72 W, 8723 MiB
2026/09/29 22:24:06.413, NVIDIA GeForce RTX 4090, 39 %, 49, 116.57 W, 8723 MiB
2026/09/29 22:24:07.423, NVIDIA GeForce RTX 4090, 40 %, 49, 119.26 W, 8723 MiB
2026/09/29 22:24:08.429, NVIDIA GeForce RTX 4090, 39 %, 49, 114.61 W, 8722 MiB
2026/09/29 22:24:09.440, NVIDIA GeForce RTX 4090, 39 %, 50, 122.97 W, 8706 MiB
2026/09/29 22:24:10.451, NVIDIA GeForce RTX 4090, 33 %, 49, 124.15 W, 8706 MiB
2026/09/29 22:24:11.458, NVIDIA GeForce RTX 4090, 40 %, 49, 115.50 W, 8706 MiB
2026/09/29 22:24:12.466, NVIDIA GeForce RTX 4090, 39 %, 49, 119.54 W, 8706 MiB
2026/09/29 22:24:13.474, NVIDIA GeForce RTX 4090, 36 %, 49, 117.37 W, 8706 MiB
2026/09/29 22:24:14.484, NVIDIA GeForce RTX 4090, 39 %, 49, 118.49 W, 8706 MiB
2026/09/29 22:24:15.495, NVIDIA GeForce RTX 4090, 41 %, 49, 119.44 W, 8706 MiB
2026/09/29 22:24:16.501, NVIDIA GeForce RTX 4090, 34 %, 49, 115.82 W, 8705 MiB
2026/09/29 22:24:17.510, NVIDIA GeForce RTX 4090, 41 %, 49, 118.78 W, 8705 MiB
2026/09/29 22:24:18.516, NVIDIA GeForce RTX 4090, 39 %, 49, 120.12 W, 8705 MiB
2026/09/29 22:24:19.524, NVIDIA GeForce RTX 4090, 41 %, 49, 114.05 W, 8705 MiB
2026/09/29 22:24:20.531, NVIDIA GeForce RTX 4090, 39 %, 49, 117.03 W, 8705 MiB
2026/09/29 22:24:21.540, NVIDIA GeForce RTX 4090, 31 %, 49, 121.89 W, 8705 MiB
2026/09/29 22:24:22.545, NVIDIA GeForce RTX 4090, 42 %, 49, 112.88 W, 8706 MiB
2026/09/29 22:24:23.556, NVIDIA GeForce RTX 4090, 38 %, 49, 116.43 W, 8706 MiB
2026/09/29 22:24:24.563, NVIDIA GeForce RTX 4090, 34 %, 49, 118.87 W, 8706 MiB
2026/09/29 22:24:25.572, NVIDIA GeForce RTX 4090, 40 %, 49, 111.96 W, 8706 MiB
2026/09/29 22:24:26.584, NVIDIA GeForce RTX 4090, 40 %, 49, 113.74 W, 8706 MiB
2026/09/29 22:24:27.592, NVIDIA GeForce RTX 4090, 31 %, 49, 120.70 W, 8706 MiB
2026/09/29 22:24:28.598, NVIDIA GeForce RTX 4090, 37 %, 49, 122.93 W, 8705 MiB
2026/09/29 22:24:29.606, NVIDIA GeForce RTX 4090, 41 %, 49, 120.21 W, 8705 MiB
2026/09/29 22:24:30.611, NVIDIA GeForce RTX 4090, 33 %, 49, 117.15 W, 8706 MiB
2026/09/29 22:24:31.621, NVIDIA GeForce RTX 4090, 39 %, 49, 119.99 W, 8704 MiB
2026/09/29 22:24:32.629, NVIDIA GeForce RTX 4090, 38 %, 49, 124.64 W, 8704 MiB
2026/09/29 22:24:33.633, NVIDIA GeForce RTX 4090, 35 %, 49, 118.48 W, 8703 MiB
2026/09/29 22:24:34.644, NVIDIA GeForce RTX 4090, 41 %, 49, 111.23 W, 8702 MiB
2026/09/29 22:24:35.650, NVIDIA GeForce RTX 4090, 39 %, 49, 117.43 W, 8702 MiB
2026/09/29 22:24:36.655, NVIDIA GeForce RTX 4090, 35 %, 49, 116.17 W, 8702 MiB
2026/09/29 22:24:37.663, NVIDIA GeForce RTX 4090, 41 %, 49, 117.68 W, 8702 MiB
2026/09/29 22:24:38.670, NVIDIA GeForce RTX 4090, 38 %, 49, 118.31 W, 8704 MiB
2026/09/29 22:24:39.678, NVIDIA GeForce RTX 4090, 35 %, 49, 113.59 W, 8704 MiB
2026/09/29 22:24:40.692, NVIDIA GeForce RTX 4090, 37 %, 49, 114.18 W, 8702 MiB
2026/09/29 22:24:41.702, NVIDIA GeForce RTX 4090, 40 %, 49, 120.17 W, 8705 MiB
2026/09/29 22:24:42.708, NVIDIA GeForce RTX 4090, 31 %, 49, 125.68 W, 8706 MiB
2026/09/29 22:24:43.716, NVIDIA GeForce RTX 4090, 38 %, 50, 132.04 W, 8705 MiB
2026/09/29 22:24:44.723, NVIDIA GeForce RTX 4090, 40 %, 49, 124.99 W, 8705 MiB
2026/09/29 22:24:45.730, NVIDIA GeForce RTX 4090, 35 %, 49, 113.96 W, 8703 MiB
2026/09/29 22:24:46.740, NVIDIA GeForce RTX 4090, 38 %, 49, 113.32 W, 8703 MiB
2026/09/29 22:24:47.754, NVIDIA GeForce RTX 4090, 37 %, 49, 123.17 W, 8701 MiB
2026/09/29 22:24:48.760, NVIDIA GeForce RTX 4090, 35 %, 49, 115.87 W, 8701 MiB
2026/09/29 22:24:49.767, NVIDIA GeForce RTX 4090, 41 %, 49, 108.16 W, 8701 MiB
2026/09/29 22:24:50.780, NVIDIA GeForce RTX 4090, 40 %, 49, 115.96 W, 8704 MiB
2026/09/29 22:24:51.787, NVIDIA GeForce RTX 4090, 34 %, 49, 116.69 W, 8704 MiB
2026/09/29 22:24:52.795, NVIDIA GeForce RTX 4090, 39 %, 49, 121.73 W, 8723 MiB
2026/09/29 22:24:53.803, NVIDIA GeForce RTX 4090, 37 %, 49, 126.67 W, 8721 MiB
2026/09/29 22:24:54.809, NVIDIA GeForce RTX 4090, 34 %, 49, 117.24 W, 8720 MiB
2026/09/29 22:24:55.820, NVIDIA GeForce RTX 4090, 39 %, 49, 110.87 W, 8712 MiB
2026/09/29 22:24:56.829, NVIDIA GeForce RTX 4090, 39 %, 49, 121.03 W, 8711 MiB
2026/09/29 22:24:57.835, NVIDIA GeForce RTX 4090, 34 %, 49, 116.12 W, 8714 MiB
2026/09/29 22:24:58.845, NVIDIA GeForce RTX 4090, 39 %, 49, 119.06 W, 8706 MiB
2026/09/29 22:24:59.856, NVIDIA GeForce RTX 4090, 38 %, 49, 125.81 W, 8706 MiB
2026/09/29 22:25:00.861, NVIDIA GeForce RTX 4090, 35 %, 49, 118.36 W, 8705 MiB
2026/09/29 22:25:01.871, NVIDIA GeForce RTX 4090, 41 %, 49, 110.51 W, 8705 MiB
2026/09/29 22:25:02.880, NVIDIA GeForce RTX 4090, 38 %, 49, 118.19 W, 8705 MiB
2026/09/29 22:25:03.882, NVIDIA GeForce RTX 4090, 30 %, 49, 115.65 W, 8718 MiB
2026/09/29 22:25:04.887, NVIDIA GeForce RTX 4090, 33 %, 48, 84.82 W, 8720 MiB
2026/09/29 22:25:05.903, NVIDIA GeForce RTX 4090, 35 %, 48, 79.05 W, 8719 MiB
2026/09/29 22:25:06.918, NVIDIA GeForce RTX 4090, 37 %, 48, 77.72 W, 8719 MiB
2026/09/29 22:25:07.925, NVIDIA GeForce RTX 4090, 36 %, 48, 94.04 W, 8711 MiB
2026/09/29 22:25:08.932, NVIDIA GeForce RTX 4090, 41 %, 48, 106.15 W, 8711 MiB
2026/09/29 22:25:09.944, NVIDIA GeForce RTX 4090, 39 %, 49, 118.57 W, 8710 MiB
2026/09/29 22:25:10.955, NVIDIA GeForce RTX 4090, 31 %, 49, 122.42 W, 8711 MiB
2026/09/29 22:25:11.963, NVIDIA GeForce RTX 4090, 43 %, 48, 109.30 W, 8711 MiB
2026/09/29 22:25:12.971, NVIDIA GeForce RTX 4090, 39 %, 49, 113.37 W, 8707 MiB
2026/09/29 22:25:13.979, NVIDIA GeForce RTX 4090, 40 %, 49, 118.24 W, 8705 MiB
2026/09/29 22:25:14.984, NVIDIA GeForce RTX 4090, 31 %, 49, 119.34 W, 8710 MiB
2026/09/29 22:25:15.995, NVIDIA GeForce RTX 4090, 39 %, 49, 121.35 W, 8710 MiB
2026/09/29 22:25:17.003, NVIDIA GeForce RTX 4090, 39 %, 49, 120.55 W, 8710 MiB
2026/09/29 22:25:18.008, NVIDIA GeForce RTX 4090, 36 %, 49, 114.69 W, 8706 MiB
2026/09/29 22:25:19.017, NVIDIA GeForce RTX 4090, 40 %, 49, 108.32 W, 8706 MiB
2026/09/29 22:25:20.032, NVIDIA GeForce RTX 4090, 40 %, 49, 118.25 W, 8706 MiB
2026/09/29 22:25:21.040, NVIDIA GeForce RTX 4090, 32 %, 49, 124.07 W, 8705 MiB
2026/09/29 22:25:22.051, NVIDIA GeForce RTX 4090, 39 %, 49, 121.43 W, 8705 MiB
2026/09/29 22:25:23.057, NVIDIA GeForce RTX 4090, 39 %, 49, 124.72 W, 8705 MiB
2026/09/29 22:25:24.063, NVIDIA GeForce RTX 4090, 34 %, 49, 122.62 W, 8705 MiB
2026/09/29 22:25:25.069, NVIDIA GeForce RTX 4090, 37 %, 48, 110.68 W, 8705 MiB
2026/09/29 22:25:26.078, NVIDIA GeForce RTX 4090, 40 %, 49, 110.57 W, 8705 MiB
2026/09/29 22:25:27.091, NVIDIA GeForce RTX 4090, 40 %, 49, 121.13 W, 8725 MiB
2026/09/29 22:25:28.095, NVIDIA GeForce RTX 4090, 33 %, 49, 122.20 W, 8723 MiB
2026/09/29 22:25:29.108, NVIDIA GeForce RTX 4090, 40 %, 49, 124.80 W, 8718 MiB
2026/09/29 22:25:30.118, NVIDIA GeForce RTX 4090, 39 %, 49, 126.66 W, 8706 MiB
2026/09/29 22:25:31.126, NVIDIA GeForce RTX 4090, 35 %, 49, 123.92 W, 8706 MiB
2026/09/29 22:25:32.136, NVIDIA GeForce RTX 4090, 39 %, 49, 108.50 W, 8707 MiB
2026/09/29 22:25:33.145, NVIDIA GeForce RTX 4090, 40 %, 49, 123.11 W, 8705 MiB
2026/09/29 22:25:34.155, NVIDIA GeForce RTX 4090, 31 %, 49, 130.06 W, 8716 MiB
2026/09/29 22:25:35.160, NVIDIA GeForce RTX 4090, 40 %, 49, 122.86 W, 8720 MiB
2026/09/29 22:25:36.167, NVIDIA GeForce RTX 4090, 40 %, 49, 118.74 W, 8718 MiB
2026/09/29 22:25:37.176, NVIDIA GeForce RTX 4090, 39 %, 49, 131.05 W, 8707 MiB
2026/09/29 22:25:38.183, NVIDIA GeForce RTX 4090, 35 %, 48, 124.29 W, 8707 MiB
2026/09/29 22:25:39.191, NVIDIA GeForce RTX 4090, 42 %, 48, 109.48 W, 8706 MiB
2026/09/29 22:25:40.202, NVIDIA GeForce RTX 4090, 40 %, 49, 118.99 W, 8706 MiB
2026/09/29 22:25:41.210, NVIDIA GeForce RTX 4090, 31 %, 49, 128.86 W, 8707 MiB
2026/09/29 22:25:42.219, NVIDIA GeForce RTX 4090, 42 %, 49, 120.08 W, 8707 MiB
2026/09/29 22:25:43.230, NVIDIA GeForce RTX 4090, 39 %, 49, 118.77 W, 8706 MiB
2026/09/29 22:25:44.237, NVIDIA GeForce RTX 4090, 41 %, 49, 120.53 W, 8706 MiB
2026/09/29 22:25:45.242, NVIDIA GeForce RTX 4090, 34 %, 48, 112.93 W, 8706 MiB
2026/09/29 22:25:46.251, NVIDIA GeForce RTX 4090, 39 %, 49, 114.41 W, 8706 MiB
2026/09/29 22:25:47.262, NVIDIA GeForce RTX 4090, 38 %, 49, 126.22 W, 8726 MiB
2026/09/29 22:25:48.267, NVIDIA GeForce RTX 4090, 32 %, 49, 123.06 W, 8732 MiB
2026/09/29 22:25:49.275, NVIDIA GeForce RTX 4090, 41 %, 49, 110.27 W, 8729 MiB
2026/09/29 22:25:50.287, NVIDIA GeForce RTX 4090, 38 %, 49, 120.81 W, 8712 MiB
2026/09/29 22:25:51.292, NVIDIA GeForce RTX 4090, 31 %, 49, 131.37 W, 8712 MiB
2026/09/29 22:25:52.300, NVIDIA GeForce RTX 4090, 29 %, 49, 129.46 W, 8721 MiB
2026/09/29 22:25:53.307, NVIDIA GeForce RTX 4090, 40 %, 49, 119.58 W, 8717 MiB
2026/09/29 22:25:54.317, NVIDIA GeForce RTX 4090, 37 %, 49, 123.26 W, 8718 MiB
2026/09/29 22:25:55.325, NVIDIA GeForce RTX 4090, 32 %, 49, 121.64 W, 8716 MiB
2026/09/29 22:25:56.334, NVIDIA GeForce RTX 4090, 37 %, 49, 121.58 W, 8715 MiB
2026/09/29 22:25:57.343, NVIDIA GeForce RTX 4090, 39 %, 49, 122.96 W, 8735 MiB
2026/09/29 22:25:58.349, NVIDIA GeForce RTX 4090, 35 %, 49, 127.18 W, 8732 MiB
2026/09/29 22:25:59.354, NVIDIA GeForce RTX 4090, 36 %, 48, 116.85 W, 8737 MiB
2026/09/29 22:26:00.362, NVIDIA GeForce RTX 4090, 38 %, 49, 111.70 W, 8716 MiB
2026/09/29 22:26:01.375, NVIDIA GeForce RTX 4090, 40 %, 49, 124.05 W, 8716 MiB
2026/09/29 22:26:02.379, NVIDIA GeForce RTX 4090, 34 %, 49, 121.55 W, 8723 MiB
2026/09/29 22:26:03.388, NVIDIA GeForce RTX 4090, 40 %, 49, 121.50 W, 8870 MiB
2026/09/29 22:26:04.394, NVIDIA GeForce RTX 4090, 38 %, 50, 138.97 W, 8893 MiB
2026/09/29 22:26:05.402, NVIDIA GeForce RTX 4090, 36 %, 49, 130.39 W, 8912 MiB
2026/09/29 22:26:06.408, NVIDIA GeForce RTX 4090, 41 %, 49, 110.62 W, 8914 MiB
2026/09/29 22:26:07.415, NVIDIA GeForce RTX 4090, 40 %, 49, 117.01 W, 8914 MiB
2026/09/29 22:26:08.425, NVIDIA GeForce RTX 4090, 39 %, 49, 121.58 W, 8916 MiB
2026/09/29 22:26:09.430, NVIDIA GeForce RTX 4090, 35 %, 49, 117.22 W, 8918 MiB
2026/09/29 22:26:10.437, NVIDIA GeForce RTX 4090, 42 %, 49, 112.46 W, 8921 MiB
2026/09/29 22:26:11.453, NVIDIA GeForce RTX 4090, 41 %, 49, 114.51 W, 8922 MiB
2026/09/29 22:26:12.458, NVIDIA GeForce RTX 4090, 34 %, 49, 120.86 W, 8922 MiB
2026/09/29 22:26:13.464, NVIDIA GeForce RTX 4090, 39 %, 49, 119.27 W, 8945 MiB
2026/09/29 22:26:14.474, NVIDIA GeForce RTX 4090, 41 %, 49, 118.45 W, 8995 MiB
2026/09/29 22:26:15.486, NVIDIA GeForce RTX 4090, 92 %, 55, 243.35 W, 9038 MiB
2026/09/29 22:26:16.494, NVIDIA GeForce RTX 4090, 88 %, 55, 277.87 W, 9028 MiB
2026/09/29 22:26:17.505, NVIDIA GeForce RTX 4090, 92 %, 57, 280.11 W, 9034 MiB
2026/09/29 22:26:18.516, NVIDIA GeForce RTX 4090, 91 %, 56, 283.08 W, 9030 MiB
2026/09/29 22:26:19.527, NVIDIA GeForce RTX 4090, 93 %, 56, 287.81 W, 9036 MiB
2026/09/29 22:26:20.535, NVIDIA GeForce RTX 4090, 82 %, 56, 273.11 W, 8901 MiB
2026/09/29 22:26:21.545, NVIDIA GeForce RTX 4090, 87 %, 57, 270.16 W, 8772 MiB
2026/09/29 22:26:22.558, NVIDIA GeForce RTX 4090, 90 %, 57, 280.13 W, 8761 MiB
2026/09/29 22:26:23.567, NVIDIA GeForce RTX 4090, 96 %, 59, 294.47 W, 8803 MiB
2026/09/29 22:26:24.575, NVIDIA GeForce RTX 4090, 98 %, 59, 329.07 W, 8795 MiB
2026/09/29 22:26:25.584, NVIDIA GeForce RTX 4090, 98 %, 60, 327.34 W, 8757 MiB
2026/09/29 22:26:26.592, NVIDIA GeForce RTX 4090, 99 %, 60, 329.74 W, 8759 MiB
2026/09/29 22:26:27.600, NVIDIA GeForce RTX 4090, 97 %, 61, 331.34 W, 8758 MiB
2026/09/29 22:26:28.608, NVIDIA GeForce RTX 4090, 99 %, 60, 329.06 W, 8759 MiB
2026/09/29 22:26:29.618, NVIDIA GeForce RTX 4090, 43 %, 55, 271.11 W, 8834 MiB
2026/09/29 22:26:30.626, NVIDIA GeForce RTX 4090, 98 %, 60, 301.65 W, 8836 MiB
2026/09/29 22:26:31.637, NVIDIA GeForce RTX 4090, 93 %, 60, 311.12 W, 8832 MiB
2026/09/29 22:26:32.647, NVIDIA GeForce RTX 4090, 97 %, 60, 307.91 W, 8813 MiB
2026/09/29 22:26:33.658, NVIDIA GeForce RTX 4090, 92 %, 60, 305.84 W, 8873 MiB
2026/09/29 22:26:34.667, NVIDIA GeForce RTX 4090, 99 %, 62, 311.28 W, 8865 MiB
2026/09/29 22:26:35.675, NVIDIA GeForce RTX 4090, 77 %, 60, 307.64 W, 8828 MiB
2026/09/29 22:26:36.684, NVIDIA GeForce RTX 4090, 87 %, 61, 299.90 W, 8827 MiB
2026/09/29 22:26:37.696, NVIDIA GeForce RTX 4090, 82 %, 61, 304.13 W, 8828 MiB
2026/09/29 22:26:38.707, NVIDIA GeForce RTX 4090, 81 %, 61, 304.54 W, 8828 MiB
2026/09/29 22:26:39.717, NVIDIA GeForce RTX 4090, 79 %, 62, 302.57 W, 8828 MiB
2026/09/29 22:26:40.730, NVIDIA GeForce RTX 4090, 82 %, 62, 300.41 W, 8805 MiB
2026/09/29 22:26:41.743, NVIDIA GeForce RTX 4090, 79 %, 62, 304.10 W, 8807 MiB
2026/09/29 22:26:42.755, NVIDIA GeForce RTX 4090, 79 %, 62, 303.89 W, 8807 MiB
2026/09/29 22:26:43.768, NVIDIA GeForce RTX 4090, 81 %, 63, 298.41 W, 8806 MiB
2026/09/29 22:26:44.777, NVIDIA GeForce RTX 4090, 79 %, 62, 302.22 W, 8805 MiB
2026/09/29 22:26:45.784, NVIDIA GeForce RTX 4090, 79 %, 63, 304.64 W, 8823 MiB
2026/09/29 22:26:46.794, NVIDIA GeForce RTX 4090, 79 %, 62, 305.68 W, 8823 MiB
2026/09/29 22:26:47.806, NVIDIA GeForce RTX 4090, 79 %, 62, 305.01 W, 8803 MiB
2026/09/29 22:26:48.817, NVIDIA GeForce RTX 4090, 78 %, 62, 301.78 W, 8803 MiB
2026/09/29 22:26:49.830, NVIDIA GeForce RTX 4090, 79 %, 63, 303.14 W, 8790 MiB
2026/09/29 22:26:50.843, NVIDIA GeForce RTX 4090, 82 %, 63, 305.62 W, 8790 MiB
2026/09/29 22:26:51.852, NVIDIA GeForce RTX 4090, 79 %, 63, 306.63 W, 8785 MiB
2026/09/29 22:26:52.861, NVIDIA GeForce RTX 4090, 79 %, 64, 302.56 W, 8787 MiB
2026/09/29 22:26:53.872, NVIDIA GeForce RTX 4090, 80 %, 64, 302.34 W, 8785 MiB
2026/09/29 22:26:54.883, NVIDIA GeForce RTX 4090, 80 %, 65, 306.68 W, 8792 MiB
2026/09/29 22:26:55.898, NVIDIA GeForce RTX 4090, 78 %, 65, 307.01 W, 8775 MiB
2026/09/29 22:26:56.908, NVIDIA GeForce RTX 4090, 84 %, 64, 297.01 W, 8850 MiB
2026/09/29 22:26:57.917, NVIDIA GeForce RTX 4090, 82 %, 65, 299.67 W, 8858 MiB
2026/09/29 22:26:58.931, NVIDIA GeForce RTX 4090, 84 %, 65, 307.60 W, 8836 MiB
2026/09/29 22:26:59.945, NVIDIA GeForce RTX 4090, 85 %, 65, 309.40 W, 8837 MiB
2026/09/29 22:27:00.959, NVIDIA GeForce RTX 4090, 83 %, 65, 305.18 W, 8828 MiB
2026/09/29 22:27:01.969, NVIDIA GeForce RTX 4090, 77 %, 64, 303.52 W, 8825 MiB
2026/09/29 22:27:02.980, NVIDIA GeForce RTX 4090, 80 %, 64, 304.39 W, 8808 MiB
2026/09/29 22:27:03.993, NVIDIA GeForce RTX 4090, 91 %, 64, 299.01 W, 8830 MiB
2026/09/29 22:27:05.001, NVIDIA GeForce RTX 4090, 97 %, 65, 314.12 W, 8835 MiB
2026/09/29 22:27:06.009, NVIDIA GeForce RTX 4090, 96 %, 66, 318.83 W, 8812 MiB
2026/09/29 22:27:07.017, NVIDIA GeForce RTX 4090, 98 %, 66, 306.93 W, 8825 MiB
2026/09/29 22:27:08.025, NVIDIA GeForce RTX 4090, 98 %, 66, 317.43 W, 8830 MiB
2026/09/29 22:27:09.037, NVIDIA GeForce RTX 4090, 96 %, 66, 318.51 W, 8833 MiB
2026/09/29 22:27:10.045, NVIDIA GeForce RTX 4090, 96 %, 66, 319.26 W, 8833 MiB
2026/09/29 22:27:11.055, NVIDIA GeForce RTX 4090, 95 %, 66, 314.03 W, 8829 MiB
2026/09/29 22:27:12.063, NVIDIA GeForce RTX 4090, 98 %, 67, 320.43 W, 8821 MiB
2026/09/29 22:27:13.073, NVIDIA GeForce RTX 4090, 97 %, 67, 322.74 W, 8825 MiB
2026/09/29 22:27:14.077, NVIDIA GeForce RTX 4090, 33 %, 60, 248.76 W, 8832 MiB
2026/09/29 22:27:15.084, NVIDIA GeForce RTX 4090, 90 %, 66, 245.26 W, 8839 MiB
2026/09/29 22:27:16.094, NVIDIA GeForce RTX 4090, 87 %, 67, 328.15 W, 8835 MiB
2026/09/29 22:27:17.108, NVIDIA GeForce RTX 4090, 89 %, 67, 325.55 W, 8835 MiB
2026/09/29 22:27:18.118, NVIDIA GeForce RTX 4090, 85 %, 67, 326.92 W, 8841 MiB
2026/09/29 22:27:19.130, NVIDIA GeForce RTX 4090, 84 %, 67, 324.89 W, 8839 MiB
2026/09/29 22:27:20.139, NVIDIA GeForce RTX 4090, 85 %, 67, 324.31 W, 8839 MiB
2026/09/29 22:27:21.152, NVIDIA GeForce RTX 4090, 89 %, 68, 327.13 W, 8847 MiB
2026/09/29 22:27:22.165, NVIDIA GeForce RTX 4090, 84 %, 67, 328.62 W, 8839 MiB
2026/09/29 22:27:23.172, NVIDIA GeForce RTX 4090, 86 %, 67, 330.33 W, 8846 MiB
2026/09/29 22:27:24.181, NVIDIA GeForce RTX 4090, 83 %, 67, 329.08 W, 8842 MiB
2026/09/29 22:27:25.191, NVIDIA GeForce RTX 4090, 89 %, 68, 330.69 W, 8843 MiB
2026/09/29 22:27:26.202, NVIDIA GeForce RTX 4090, 89 %, 68, 327.02 W, 8839 MiB
2026/09/29 22:27:27.210, NVIDIA GeForce RTX 4090, 84 %, 68, 333.18 W, 8843 MiB
2026/09/29 22:27:28.217, NVIDIA GeForce RTX 4090, 84 %, 67, 326.16 W, 8843 MiB
2026/09/29 22:27:29.228, NVIDIA GeForce RTX 4090, 90 %, 68, 321.70 W, 8844 MiB
2026/09/29 22:27:30.239, NVIDIA GeForce RTX 4090, 85 %, 68, 330.43 W, 8844 MiB
2026/09/29 22:27:31.251, NVIDIA GeForce RTX 4090, 85 %, 69, 331.63 W, 8844 MiB
2026/09/29 22:27:32.258, NVIDIA GeForce RTX 4090, 82 %, 68, 329.86 W, 8841 MiB
2026/09/29 22:27:33.268, NVIDIA GeForce RTX 4090, 85 %, 68, 332.07 W, 8841 MiB
2026/09/29 22:27:34.280, NVIDIA GeForce RTX 4090, 89 %, 68, 330.89 W, 8839 MiB
2026/09/29 22:27:35.291, NVIDIA GeForce RTX 4090, 77 %, 67, 330.58 W, 8847 MiB
2026/09/29 22:27:36.299, NVIDIA GeForce RTX 4090, 87 %, 68, 326.68 W, 8840 MiB
2026/09/29 22:27:37.310, NVIDIA GeForce RTX 4090, 87 %, 68, 328.19 W, 8840 MiB
2026/09/29 22:27:38.322, NVIDIA GeForce RTX 4090, 88 %, 69, 328.63 W, 8852 MiB
2026/09/29 22:27:39.331, NVIDIA GeForce RTX 4090, 34 %, 62, 176.43 W, 8871 MiB
2026/09/29 22:27:40.336, NVIDIA GeForce RTX 4090, 26 %, 61, 139.49 W, 8876 MiB
2026/09/29 22:27:41.346, NVIDIA GeForce RTX 4090, 88 %, 66, 202.45 W, 9035 MiB
2026/09/29 22:27:42.357, NVIDIA GeForce RTX 4090, 82 %, 68, 321.42 W, 9037 MiB
2026/09/29 22:27:43.368, NVIDIA GeForce RTX 4090, 86 %, 69, 319.19 W, 9061 MiB
2026/09/29 22:27:44.374, NVIDIA GeForce RTX 4090, 81 %, 68, 311.20 W, 9063 MiB
2026/09/29 22:27:45.386, NVIDIA GeForce RTX 4090, 81 %, 68, 303.11 W, 9075 MiB
2026/09/29 22:27:46.397, NVIDIA GeForce RTX 4090, 72 %, 66, 280.87 W, 8905 MiB
2026/09/29 22:27:47.409, NVIDIA GeForce RTX 4090, 74 %, 66, 274.65 W, 8832 MiB
2026/09/29 22:27:48.417, NVIDIA GeForce RTX 4090, 75 %, 66, 279.81 W, 8770 MiB
2026/09/29 22:27:49.428, NVIDIA GeForce RTX 4090, 77 %, 67, 291.21 W, 8770 MiB
2026/09/29 22:27:50.440, NVIDIA GeForce RTX 4090, 76 %, 66, 270.97 W, 8938 MiB
2026/09/29 22:27:51.449, NVIDIA GeForce RTX 4090, 79 %, 66, 281.73 W, 8945 MiB
2026/09/29 22:27:52.459, NVIDIA GeForce RTX 4090, 70 %, 66, 277.67 W, 8945 MiB
2026/09/29 22:27:53.468, NVIDIA GeForce RTX 4090, 71 %, 65, 267.85 W, 8966 MiB
2026/09/29 22:27:54.475, NVIDIA GeForce RTX 4090, 71 %, 65, 268.06 W, 8971 MiB
2026/09/29 22:27:55.486, NVIDIA GeForce RTX 4090, 69 %, 66, 259.70 W, 8963 MiB
2026/09/29 22:27:56.492, NVIDIA GeForce RTX 4090, 69 %, 65, 259.53 W, 8957 MiB
2026/09/29 22:27:57.500, NVIDIA GeForce RTX 4090, 70 %, 65, 252.38 W, 8957 MiB
2026/09/29 22:27:58.513, NVIDIA GeForce RTX 4090, 69 %, 65, 260.21 W, 8971 MiB
2026/09/29 22:27:59.523, NVIDIA GeForce RTX 4090, 67 %, 65, 262.26 W, 8965 MiB
2026/09/29 22:28:00.531, NVIDIA GeForce RTX 4090, 68 %, 65, 257.72 W, 8985 MiB
2026/09/29 22:28:01.537, NVIDIA GeForce RTX 4090, 68 %, 65, 260.89 W, 8985 MiB
2026/09/29 22:28:02.545, NVIDIA GeForce RTX 4090, 69 %, 64, 255.32 W, 8995 MiB
2026/09/29 22:28:03.558, NVIDIA GeForce RTX 4090, 66 %, 64, 257.17 W, 8993 MiB
2026/09/29 22:28:04.566, NVIDIA GeForce RTX 4090, 57 %, 65, 245.47 W, 8974 MiB
2026/09/29 22:28:05.573, NVIDIA GeForce RTX 4090, 66 %, 64, 239.97 W, 8995 MiB
2026/09/29 22:28:06.582, NVIDIA GeForce RTX 4090, 64 %, 64, 239.01 W, 9016 MiB
2026/09/29 22:28:07.593, NVIDIA GeForce RTX 4090, 66 %, 64, 232.50 W, 9013 MiB
2026/09/29 22:28:08.601, NVIDIA GeForce RTX 4090, 60 %, 63, 231.01 W, 9041 MiB
2026/09/29 22:28:09.609, NVIDIA GeForce RTX 4090, 63 %, 65, 238.89 W, 9037 MiB
2026/09/29 22:28:10.618, NVIDIA GeForce RTX 4090, 62 %, 64, 245.73 W, 9036 MiB
2026/09/29 22:28:11.624, NVIDIA GeForce RTX 4090, 66 %, 64, 246.10 W, 9036 MiB
2026/09/29 22:28:12.632, NVIDIA GeForce RTX 4090, 60 %, 64, 241.39 W, 9029 MiB
2026/09/29 22:28:13.638, NVIDIA GeForce RTX 4090, 63 %, 64, 238.31 W, 9045 MiB
2026/09/29 22:28:14.646, NVIDIA GeForce RTX 4090, 64 %, 65, 240.23 W, 9039 MiB
2026/09/29 22:28:15.654, NVIDIA GeForce RTX 4090, 63 %, 63, 233.36 W, 9039 MiB
2026/09/29 22:28:16.660, NVIDIA GeForce RTX 4090, 63 %, 63, 234.00 W, 9040 MiB
2026/09/29 22:28:17.666, NVIDIA GeForce RTX 4090, 64 %, 63, 233.81 W, 9050 MiB
2026/09/29 22:28:18.677, NVIDIA GeForce RTX 4090, 66 %, 64, 239.28 W, 9035 MiB
2026/09/29 22:28:19.686, NVIDIA GeForce RTX 4090, 65 %, 64, 241.75 W, 9035 MiB
2026/09/29 22:28:20.693, NVIDIA GeForce RTX 4090, 61 %, 64, 236.82 W, 9035 MiB
2026/09/29 22:28:21.703, NVIDIA GeForce RTX 4090, 62 %, 64, 234.21 W, 9056 MiB
2026/09/29 22:28:22.709, NVIDIA GeForce RTX 4090, 59 %, 63, 237.18 W, 9028 MiB
2026/09/29 22:28:23.720, NVIDIA GeForce RTX 4090, 63 %, 64, 237.03 W, 8902 MiB
2026/09/29 22:28:24.726, NVIDIA GeForce RTX 4090, 56 %, 63, 229.48 W, 8780 MiB
2026/09/29 22:28:25.732, NVIDIA GeForce RTX 4090, 62 %, 63, 227.79 W, 8772 MiB
2026/09/29 22:28:26.741, NVIDIA GeForce RTX 4090, 62 %, 63, 232.97 W, 8775 MiB
2026/09/29 22:28:27.748, NVIDIA GeForce RTX 4090, 63 %, 63, 232.94 W, 8776 MiB
2026/09/29 22:28:28.754, NVIDIA GeForce RTX 4090, 54 %, 62, 226.88 W, 8776 MiB
2026/09/29 22:28:29.763, NVIDIA GeForce RTX 4090, 56 %, 63, 226.09 W, 8763 MiB
2026/09/29 22:28:30.770, NVIDIA GeForce RTX 4090, 65 %, 64, 233.10 W, 8755 MiB
2026/09/29 22:28:31.776, NVIDIA GeForce RTX 4090, 62 %, 63, 239.10 W, 8797 MiB
2026/09/29 22:28:32.783, NVIDIA GeForce RTX 4090, 59 %, 62, 230.75 W, 8822 MiB
2026/09/29 22:28:33.791, NVIDIA GeForce RTX 4090, 62 %, 63, 231.20 W, 8850 MiB
2026/09/29 22:28:34.800, NVIDIA GeForce RTX 4090, 64 %, 62, 238.10 W, 8865 MiB
2026/09/29 22:28:35.809, NVIDIA GeForce RTX 4090, 61 %, 63, 236.21 W, 8866 MiB
2026/09/29 22:28:36.816, NVIDIA GeForce RTX 4090, 58 %, 63, 234.07 W, 8869 MiB
